komponen,keterangan,unit,Y1,Y2,Y3,Y4,Y5,Y6,Y7,Y8,Y9,Y10,Y11,Y12,Y13,Y14,Y15,Y16,Y17,Y18,Y19,Y20,Y21,Y22,Y23,Y24,Y25,Y26,Y27,Y28,Y29,Y30
sampingan,padi,kg,1000,0,0,0,0,0,0,0,0,0,0,0,0,0,0,0,0,0,0,0,0,0,0,0,0,0,0,0,0,0
utama,karet basah,kg,0,0,0,0,0,429.93,984.3721272,1512.32599,1648.463591,1726.23474,1877.260696,1912.425183,1936.286909,1908.063828,1878.712471,1854.729954,1828.858668,1760.256599,1691.238393,1647.873306,1598.332409,1549.029528,1493.849201,1445.12784,1342.542461,1241.408577,1147.538198,1054.960218,958.6012064,869.104764
utama,kayu karet,m3,0,0,0,0,0,313.304886,717.3460728,1102.084344,1201.29253,1257.967061,1368.024907,1393.650487,1411.039354,1390.472217,1369.082866,1351.605975,1332.752672,1282.759968,1232.46401,1200.862369,1164.760201,1128.831483,1088.619667,1053.114724,978.3572041,904.6574388,836.2508415,768.7860601,698.56591,633.3467518
