komponen,keterangan,unit,Y1,Y2,Y3,Y4,Y5,Y6,Y7,Y8,Y9,Y10,Y11,Y12,Y13,Y14,Y15,Y16,Y17,Y18,Y19,Y20,Y21,Y22,Y23,Y24,Y25,Y26,Y27,Y28,Y29,Y30
sampingan,padi,kg,500,0,0,0,0,0,0,0,0,0,0,0,0,0,0,0,0,0,0,0,0,0,0,0,0,0,0,0,0,0
utama,tbs,kg,0,0,603.448276,2011.494253,5028.735632,10057.47126,10057.47126,20114.94253,20114.94253,25143.67816,25143.67816,25143.67816,25143.67816,25143.67816,25143.67816,20114.94253,20114.94253,20114.94253,20114.94253,20114.94253,10057.47126,10057.47126,10057.47126,10057.47126,10057.47126,10057.47126,10057.47126,10057.47126,10057.47126,10057.47126
